<settings>
    <archive>
        <arcrepository>
            <baseDir>.</baseDir>
            <uploadRetries>1</uploadRetries>
        </arcrepository>
        <bitarchive>
            <!-- The default value amounts to 1907 MBytes. -->
            <minSpaceLeft>2000000000</minSpaceLeft>
            <!-- The default value amounts to a little less than 10 MBytes. -->
            <minSpaceRequired>10000000</minSpaceRequired>
            <baseFileDir>bitarchive</baseFileDir>
            <!-- The default amounts to one second -->
            <heartbeatFrequency>1000</heartbeatFrequency>
            <!-- The default amounts to one minute -->
            <acceptableHeartbeatDelay>60000</acceptableHeartbeatDelay>
            <!-- The default value amounts to 14 days. -->
            <batchMessageTimeout>1209600000</batchMessageTimeout>
            <!-- The maximum time for handling a GetChecksumMessage. -->
            <singleChecksumTimeout>600000</singleChecksumTimeout>
            <thisCredentials>examplecredentials</thisCredentials>
        </bitarchive>
        <checksum>
            <baseDir>checksum</baseDir>
            <!-- The default value amount of 1 MBytes. -->
            <minSpaceLeft>1000000</minSpaceLeft>
        </checksum>
        <bitpreservation>
            <baseDir>bitpreservation</baseDir>
            <!-- Alternatively DatabaseBasedActiveBitPreservation. -->
            <class>dk.netarkivet.archive.arcrepository.bitpreservation.FileBasedActiveBitPreservation</class>
        </bitpreservation>
        <admin>
            <class>dk.netarkivet.archive.arcrepositoryadmin.UpdateableAdminData</class>
            <database>
                <!-- This database cannot be embedded. -->
                <class>dk.netarkivet.archive.arcrepositoryadmin.DerbyServerSpecifics</class>
                <!-- The url is default: jbdc:derby://localhost:1527/admindb -->
                <baseUrl>jdbc:derby</baseUrl>
                <machine>localhost</machine>
                <port>1527</port>
                <dir>admindb</dir>
                <!-- Reconnect to database default: 5 tries with 5 min between-->
                <reconnectMaxRetries>5</reconnectMaxRetries>
                <reconnectRetryDelay>300000</reconnectRetryDelay>
            </database>
        </admin>
    </archive>
<common>
        <environmentName>DEV</environmentName>
        <tempDir>./tests/commontempdir</tempDir>
        <remoteFile>
            <class>dk.netarkivet.common.distribute.HTTPRemoteFile</class>
        <serverName>localhost</serverName><serverPort>21</serverPort><userName>anonymous</userName><userPassword>anonymous</userPassword><retries>3</retries><port>8100</port><certificateKeyStore>conf/keystore</certificateKeyStore><certificateKeyStorePassword>1234</certificateKeyStorePassword><certificatePassword>1234</certificatePassword></remoteFile>
        <jms> <!-- Connection data for JMS-->
            <class>dk.netarkivet.common.distribute.JMSConnectionSunMQ</class>
        <broker>localhost</broker><port>7676</port></jms>
        <http>
            <port/>
        </http>
        <arcrepositoryClient>
            <class>dk.netarkivet.archive.arcrepository.distribute.JMSArcRepositoryClient</class>
        <getTimeout>60000</getTimeout><storeRetries>3</storeRetries><storeTimeout>3600000</storeTimeout></arcrepositoryClient>
        <monitorregistryClient>
            <class>dk.netarkivet.monitor.distribute.JMSMonitorRegistryClient</class>
            <reregisterdelay>1</reregisterdelay>
        </monitorregistryClient>
        <indexClient>
            <class>dk.netarkivet.archive.indexserver.distribute.IndexRequestClient</class>
        <indexRequestTimeout>3600000</indexRequestTimeout></indexClient>
        <cacheDir>cache</cacheDir>
        <processTimeout>5000</processTimeout>
        <notifications>
            <class>dk.netarkivet.common.utils.EMailNotifications</class>
        <receiver>root@localhost</receiver><sender>root@localhost</sender></notifications>
        <freespaceprovider>
            <class>dk.netarkivet.common.utils.DefaultFreeSpaceProvider</class>
        <dir>/home/netarchivesuite/freespace</dir></freespaceprovider>
        <mail>
            <server>localhost</server>
        </mail>
        <jmx> <!-- JMX logging settings -->
            <port>8100</port>
            <rmiPort>8200</rmiPort>
            <passwordFile>conf/jmxremote.password</passwordFile>
            <accessFile>conf/jmxremote.access</accessFile>
            <timeout>120</timeout>
        </jmx>
        <webinterface> <!-- Settings for the web GUI -->
            <language>
                <locale>da</locale>
                <name>Dansk</name>
            </language>
            <language>
                <locale>en</locale>
                <name>English</name>
            </language>
            <language>
                <locale>de</locale>
                <name>Deutsch</name>
            </language>
            <language>
                <locale>it</locale>
                <name>Italiano</name>
            </language>
            <language>
                <locale>fr</locale>
                <name>Français</name>
            </language>
            <siteSection>
                <class>dk.netarkivet.harvester.webinterface.DefinitionsSiteSection</class>
                <webapplication>webpages/HarvestDefinition.war</webapplication>
            </siteSection>
            <siteSection>
                <class>dk.netarkivet.harvester.webinterface.HistorySiteSection</class>
                <webapplication>webpages/History.war</webapplication>
            </siteSection>
            <siteSection>
                <class>dk.netarkivet.archive.webinterface.BitPreservationSiteSection</class>
                <webapplication>webpages/BitPreservation.war</webapplication>
            </siteSection>
            <siteSection>
                <class>dk.netarkivet.viewerproxy.webinterface.QASiteSection</class>
                <webapplication>webpages/QA.war</webapplication>
            </siteSection>
            <siteSection>
                <class>dk.netarkivet.monitor.webinterface.StatusSiteSection</class>
                <webapplication>webpages/Status.war</webapplication>
            </siteSection>
	    <harvestStatus>
           	<defaultPageSize>100</defaultPageSize>
            </harvestStatus>

        </webinterface>
        <topLevelDomains>
            <tld>ac</tld>
            <tld>ad</tld>
            <tld>ae</tld>
            <tld>aero</tld>
            <tld>af</tld>
            <tld>ag</tld>
            <tld>ai</tld>
            <tld>al</tld>
            <tld>am</tld>
            <tld>an</tld>
            <tld>ao</tld>
            <tld>aq</tld>
            <tld>ar</tld>
            <tld>arpa</tld>
            <tld>as</tld>
            <tld>gv.at</tld>
            <tld>ac.at</tld>
            <tld>or.at</tld>
            <tld>co.at</tld>
            <tld>biz.at</tld>
            <tld>info.at</tld>
            <tld>priv.at</tld>
            <tld>at</tld>
            <tld>au</tld>
            <tld>aw</tld>
            <tld>ax</tld>
            <tld>az</tld>
            <tld>ba</tld>
            <tld>bb</tld>
            <tld>bd</tld>
            <tld>be</tld>
            <tld>bf</tld>
            <tld>bg</tld>
            <tld>bh</tld>
            <tld>bi</tld>
            <tld>biz</tld>
            <tld>bj</tld>
            <tld>bm</tld>
            <tld>bn</tld>
            <tld>bo</tld>
            <tld>br</tld>
            <tld>bs</tld>
            <tld>bt</tld>
            <tld>bv</tld>
            <tld>bw</tld>
            <tld>by</tld>
            <tld>bz</tld>
            <tld>ca</tld>
            <tld>cat</tld>
            <tld>cc</tld>
            <tld>cd</tld>
            <tld>cf</tld>
            <tld>cg</tld>
            <tld>ch</tld>
            <tld>ci</tld>
            <tld>ck</tld>
            <tld>cl</tld>
            <tld>cm</tld>
            <tld>cn</tld>
            <tld>co</tld>
            <tld>com</tld>
            <tld>coop</tld>
            <tld>cr</tld>
            <tld>cs</tld>
            <tld>cu</tld>
            <tld>cv</tld>
            <tld>cx</tld>
            <tld>cy</tld>
            <tld>cz</tld>
            <tld>de</tld>
            <tld>dj</tld>
            <tld>dk</tld>
            <tld>dm</tld>
            <tld>do</tld>
            <tld>dz</tld>
            <tld>ec</tld>
            <tld>edu</tld>
            <tld>ee</tld>
            <tld>eg</tld>
            <tld>eh</tld>
            <tld>er</tld>
            <tld>es</tld>
            <tld>et</tld>
            <tld>eu</tld>
            <tld>fi</tld>
            <tld>fj</tld>
            <tld>fk</tld>
            <tld>fm</tld>
            <tld>fo</tld>
            <tld>aeroport.fr</tld>
            <tld>asso.fr</tld>
            <tld>avoues.fr</tld>
            <tld>chambagri.fr</tld>
            <tld>com.fr</tld>
            <tld>gouv.fr</tld>
            <tld>medecin.fr</tld>
            <tld>nom.fr</tld>
            <tld>pharmacien.fr</tld>
            <tld>port.fr</tld>
            <tld>prd.fr</tld>
            <tld>presse.fr</tld>
            <tld>tm.fr</tld>
            <tld>fr</tld>
            <tld>ga</tld>
            <tld>gb</tld>
            <tld>gd</tld>
            <tld>ge</tld>
            <tld>gf</tld>
            <tld>gg</tld>
            <tld>gh</tld>
            <tld>gi</tld>
            <tld>gl</tld>
            <tld>gm</tld>
            <tld>gn</tld>
            <tld>gov</tld>
            <tld>gp</tld>
            <tld>gq</tld>
            <tld>gr</tld>
            <tld>gs</tld>
            <tld>gt</tld>
            <tld>gu</tld>
            <tld>gw</tld>
            <tld>gy</tld>
            <tld>hk</tld>
            <tld>hm</tld>
            <tld>hn</tld>
            <tld>hr</tld>
            <tld>ht</tld>
            <tld>hu</tld>
            <tld>id</tld>
            <tld>ie</tld>
            <tld>il</tld>
            <tld>im</tld>
            <tld>in</tld>
            <tld>info</tld>
            <tld>int</tld>
            <tld>io</tld>
            <tld>iq</tld>
            <tld>ir</tld>
            <tld>is</tld>
            <tld>it</tld>
            <tld>je</tld>
            <tld>jm</tld>
            <tld>jo</tld>
            <tld>jobs</tld>
            <tld>jp</tld>
            <tld>ke</tld>
            <tld>kg</tld>
            <tld>kh</tld>
            <tld>ki</tld>
            <tld>km</tld>
            <tld>kn</tld>
            <tld>kp</tld>
            <tld>kr</tld>
            <tld>kw</tld>
            <tld>ky</tld>
            <tld>kz</tld>
            <tld>la</tld>
            <tld>lb</tld>
            <tld>lc</tld>
            <tld>li</tld>
            <tld>lk</tld>
            <tld>lr</tld>
            <tld>ls</tld>
            <tld>lt</tld>
            <tld>lu</tld>
            <tld>lv</tld>
            <tld>ly</tld>
            <tld>ma</tld>
            <tld>mc</tld>
            <tld>md</tld>
            <tld>me</tld>
            <tld>mg</tld>
            <tld>mh</tld>
            <tld>mil</tld>
            <tld>mk</tld>
            <tld>ml</tld>
            <tld>mm</tld>
            <tld>mn</tld>
            <tld>mo</tld>
            <tld>mobi</tld>
            <tld>mp</tld>
            <tld>mq</tld>
            <tld>mr</tld>
            <tld>ms</tld>
            <tld>mt</tld>
            <tld>mu</tld>
            <tld>museum</tld>
            <tld>mv</tld>
            <tld>mw</tld>
            <tld>mx</tld>
            <tld>my</tld>
            <tld>mz</tld>
            <tld>na</tld>
            <tld>name</tld>
            <tld>nc</tld>
            <tld>ne</tld>
            <tld>net</tld>
            <tld>nf</tld>
            <tld>ng</tld>
            <tld>ni</tld>
            <tld>nl</tld>
            <tld>no</tld>
            <tld>np</tld>
            <tld>nr</tld>
            <tld>nt</tld>
            <tld>nu</tld>
            <tld>nz</tld>
            <tld>om</tld>
            <tld>org</tld>
            <tld>pa</tld>
            <tld>pe</tld>
            <tld>pf</tld>
            <tld>pg</tld>
            <tld>ph</tld>
            <tld>pk</tld>
            <tld>pl</tld>
            <tld>pm</tld>
            <tld>pn</tld>
            <tld>pr</tld>
            <tld>pro</tld>
            <tld>ps</tld>
            <tld>pt</tld>
            <tld>pw</tld>
            <tld>py</tld>
            <tld>qa</tld>
            <tld>asso.re</tld>
            <tld>com.re</tld>
            <tld>re</tld>
            <tld>ro</tld>
            <tld>ru</tld>
            <tld>rw</tld>
            <tld>sa</tld>
            <tld>sb</tld>
            <tld>sc</tld>
            <tld>sd</tld>
            <tld>se</tld>
            <tld>sg</tld>
            <tld>sh</tld>
            <tld>si</tld>
            <tld>sj</tld>
            <tld>sk</tld>
            <tld>sl</tld>
            <tld>sm</tld>
            <tld>sn</tld>
            <tld>so</tld>
            <tld>sr</tld>
            <tld>st</tld>
            <tld>su</tld>
            <tld>sv</tld>
            <tld>sy</tld>
            <tld>sz</tld>
            <tld>tc</tld>
            <tld>td</tld>
            <tld>at.tf</tld>
            <tld>net.tf</tld>
            <tld>tf</tld>
            <tld>tg</tld>
            <tld>th</tld>
            <tld>tj</tld>
            <tld>tk</tld>
            <tld>tl</tld>
            <tld>tm</tld>
            <tld>tn</tld>
            <tld>to</tld>
            <tld>tp</tld>
            <tld>tr</tld>
            <tld>travel</tld>
            <tld>tt</tld>
            <tld>tv</tld>
            <tld>tw</tld>
            <tld>tz</tld>
            <tld>ua</tld>
            <tld>ug</tld>
            <tld>ac.uk</tld>
            <tld>co.uk</tld>
            <tld>gov.uk</tld>
            <tld>ltd.uk</tld>
            <tld>me.uk</tld>
            <tld>mod.uk</tld>
            <tld>net.uk</tld>
            <tld>nic.uk</tld>
            <tld>nhs.uk</tld>
            <tld>org.uk</tld>
            <tld>plc.uk</tld>
            <tld>police.uk</tld>
            <tld>sch.uk</tld>
            <tld>govt.uk</tld>
            <tld>orgn.uk</tld>
            <tld>lea.uk</tld>
            <tld>mil.uk</tld>
            <tld>nel.uk</tld>
            <tld>uk</tld>
            <tld>us</tld>
            <tld>uy</tld>
            <tld>uz</tld>
            <tld>va</tld>
            <tld>vc</tld>
            <tld>ve</tld>
            <tld>vg</tld>
            <tld>vi</tld>
            <tld>vn</tld>
            <tld>vu</tld>
            <tld>wf</tld>
            <tld>ws</tld>
            <tld>ye</tld>
            <tld>yt</tld>
            <tld>yu</tld>
            <tld>za</tld>
            <tld>zm</tld>
            <tld>zw</tld>
        </topLevelDomains>
        <database>
            <class>dk.netarkivet.harvester.datamodel.DerbyServerSpecifics</class>
            <baseUrl>jdbc:derby</baseUrl>
            <machine>localhost</machine>
            <port>1527</port>
            <dir>harvestdefinitionbasedir/fullhddb</dir>
            <backupInitHour>3</backupInitHour>
            <validityCheckTimeout>0</validityCheckTimeout>
            <pool>
                <minSize>5</minSize>
                <maxSize>10</maxSize>
                <acquireInc>1</acquireInc>
            </pool>
        </database>
        <repository>
            <!-- Currently set to 10 MB -->
            <limitForRecordDatatransferInFile>10485760</limitForRecordDatatransferInFile>
        </repository>
        <batch>
            <maxExceptions>100</maxExceptions>
            <!-- Time between logging of batch status default 30 seconds. -->
            <loggingInterval>30000</loggingInterval>
            <!-- Batchjobs without a specified timeout will get this value (one week) -->
            <defaultBatchTimeout>604800000</defaultBatchTimeout>
            <baseDir>batch</baseDir>
            <batchjobs>
                <batchjob>
                    <class>dk.netarkivet.common.utils.batch.ChecksumJob</class>
                    <jarfile/>
                </batchjob>
                <batchjob>
                    <class>dk.netarkivet.common.utils.batch.FileListJob</class>
                    <jarfile/>
                </batchjob>
            </batchjobs>
        </batch>
        <replicas> <!-- The entire settings for replicas. -->
            <replica>
                <replicaId>ONE</replicaId>
                <replicaName>replicaOne</replicaName>
                <replicaType>bitarchive</replicaType>
            </replica>
            <replica>
                <replicaId>TWO</replicaId>
                <replicaName>replicaTwo</replicaName>
                <replicaType>bitarchive</replicaType>
            </replica>
            <replica>
                <replicaId>THREE</replicaId>
                <replicaName>replicaCs</replicaName>
                <replicaType>checksum</replicaType>
            </replica>
        </replicas>
        <useReplicaId>TWO</useReplicaId>
        <thisPhysicalLocation>physLocationOne</thisPhysicalLocation>
        <applicationName>NA</applicationName>
        <applicationInstanceId/>
    </common><harvester>
        <aliases>
    		<timeout>31536000</timeout>
    	</aliases>
        <datamodel>
            <domain>
                <defaultSeedlist>defaultseeds</defaultSeedlist>
                <defaultConfig>defaultconfig</defaultConfig>
                <defaultOrderxml>default_orderxml</defaultOrderxml>
                <defaultMaxrate>100</defaultMaxrate>
                <defaultMaxbytes>1000000000</defaultMaxbytes>
                <defaultMaxobjects>-1</defaultMaxobjects>
                <!-- Used when creating ids for new jobs after a admin
                database restore. -->
                <nextJobId>0</nextJobId>
                <validSeedRegex>^.*$</validSeedRegex>
            </domain>
        </datamodel>
        <scheduler>
            <errorFactorPrevResult>10</errorFactorPrevResult>
            <errorFactorBestGuess>2</errorFactorBestGuess>
            <expectedAverageBytesPerObject>38000</expectedAverageBytesPerObject>
            <maxDomainSize>5000</maxDomainSize>
            <jobs> <!-- One Job corresponds to a Heritrix run -->
                <maxRelativeSizeDifference>100</maxRelativeSizeDifference>
                <minAbsoluteSizeDifference>2000</minAbsoluteSizeDifference>
                <maxTotalSize>2000000</maxTotalSize>
                <!-- used to set a limit on how long Heritrix should run. 0 means no limit. -->
            	<maxTimeToCompleteJob>0</maxTimeToCompleteJob>
            </jobs>
            <configChunkSize>10000</configChunkSize>
            <splitByObjectLimit>false</splitByObjectLimit>
            <!-- one week in seconds  - time before jobs terminate -->
            <jobtimeouttime>604800</jobtimeouttime>
            <dispatchperiode>5000</dispatchperiode>
            <jobgenerationperiode>60</jobgenerationperiode>
            <useQuotaEnforcer>true</useQuotaEnforcer>
        </scheduler>
        <monitor>
            <!--  1 minute -->
            <refreshInterval>60</refreshInterval>
            <displayedHistorySize>30</displayedHistorySize>
            <historySampleRate>300</historySampleRate><!--  in seconds, 5 minutes -->
            <historyChartGenInterval>300</historyChartGenInterval><!--  in seconds, 5 minutes -->
        </monitor>
        <harvesting>
            <serverDir>server</serverDir>
            <!-- Default is 400000000 bytes (~400 Mbytes). -->
            <minSpaceLeft>400000000</minSpaceLeft>
            <oldjobsDir>oldjobs</oldjobsDir>
            <queuePriority>HIGHPRIORITY</queuePriority>
            <heritrix>
                <!-- 30 minutes -->
                <inactivityTimeout>1800</inactivityTimeout>
                <!-- 30 minutes -->
                <noresponseTimeout>1800</noresponseTimeout>
                <!--  10 minutes -->
                <waitForReportGenerationTimeout>600</waitForReportGenerationTimeout>
                <!--  20 seconds -->
                <crawlLoopWaitTime>20</crawlLoopWaitTime>
                <abortIfConnectionLost>true</abortIfConnectionLost>
                <adminName>admin</adminName>
                <adminPassword>adminPassword</adminPassword>
                <guiPort>8090</guiPort>
                <jmxPort>8091</jmxPort>
                <jmxUsername>controlRole</jmxUsername>
                <jmxPassword>JMX_CONTROL_ROLE_PASSWORD_PLACEHOLDER</jmxPassword>
                <heapSize>1598M</heapSize>
                <javaOpts/>
            </heritrix>
            <frontier>
                <!-- 10 minutes -->
                <frontierReportWaitTime>600</frontierReportWaitTime>
                <filter>
					<class>dk.netarkivet.harvester.harvesting.frontier.TopTotalEnqueuesFilter</class>
					<args/>
                </filter>
            </frontier>
            <heritrixLauncher>
                <class>dk.netarkivet.harvester.harvesting.controller.BnfHeritrixLauncher</class>
            </heritrixLauncher>
            <heritrixController>
                <class>dk.netarkivet.harvester.harvesting.controller.BnfHeritrixController</class>
            </heritrixController>
            <harvestReport>
                <class>dk.netarkivet.harvester.harvesting.report.LegacyHarvestReport</class>
            </harvestReport>
            <deduplication>
                <enabled>true</enabled>
            </deduplication>
            <metadata>
                <heritrixFilePattern>.*(\.xml|\.txt|\.log|\.out)</heritrixFilePattern>
                <reportFilePattern>.*-report.txt</reportFilePattern>
                <logFilePattern>.*(\.log|\.out)</logFilePattern>
                <generateArcFilesReport>true</generateArcFilesReport>
            </metadata>
        </harvesting>
    </harvester><monitor>
        <jmxUsername>monitorRole</jmxUsername>
        <jmxPassword>JMX_MONITOR_ROLE_PASSWORD_PLACEHOLDER</jmxPassword>
        <jmxProxyTimeout>500</jmxProxyTimeout>
        <logging>
            <historySize>100</historySize>
        </logging>
        <reregisterDelay>1</reregisterDelay>
    </monitor><viewerproxy>
        <baseDir>viewerproxy</baseDir>
        <tryLookupUriAsFtp>false</tryLookupUriAsFtp>
    </viewerproxy><wayback>
         <urlcanonicalizer>
             <classname>
                 dk.netarkivet.wayback.batch.copycode.NetarchiveSuiteAggressiveUrlCanonicalizer
             </classname>
         </urlcanonicalizer>
        <hibernate>
            <c3p0>
                <acquireIncrement>1</acquireIncrement>
                <idleTestPeriod>100</idleTestPeriod>
                <maxSize>100</maxSize>
                <maxStatements>100</maxStatements>
                <minSize>10</minSize>
                <timeout>100</timeout>
            </c3p0>
            <connectionUrl>jdbc:derby:derbyDB/wayback_indexer_db;create=true</connectionUrl>
            <dbDriverClass>org.apache.derby.jdbc.ClientDriver</dbDriverClass>
            <useReflectionOptimizer>false</useReflectionOptimizer>
            <transactionFactory>org.hibernate.transaction.JDBCTransactionFactory</transactionFactory>
            <dialect>org.hibernate.dialect.DerbyDialect</dialect>
            <showSql>true</showSql>
            <formatSql>true</formatSql>
            <hbm2ddlAuto>update</hbm2ddlAuto>
            <user/>
            <password/>
        </hibernate>
        <indexer>
            <replicaId>ONE</replicaId>
            <finalBatchOutputDir>batchOutputDir</finalBatchOutputDir>
            <tempBatchOutputDir>tempdir</tempBatchOutputDir>
            <maxFailedAttempts>3</maxFailedAttempts>
            <producerDelay>0</producerDelay>
            <producerInterval>86400000</producerInterval>
            <consumerThreads>5</consumerThreads>
            <initialFiles/>
        </indexer>
        <aggregator>
            <indexFileInputDir>batchOutputDir</indexFileInputDir>
            <indexFileOutputDir>indexDir</indexFileOutputDir>
            <tempAggregatorDir>aggregator_tempdir</tempAggregatorDir>
            <!-- 600000 milliseconds = 10 minutes -->
            <aggregationInterval>600000</aggregationInterval>
            <!-- 102400 KB = 100 MB -->
            <maxIntermediateIndexFileSize>102400</maxIntermediateIndexFileSize>
            <!-- 104857600 KB = 100 GB -->
            <maxMainIndexFileSize>104857600</maxMainIndexFileSize>
        </aggregator>
    </wayback></settings>
