<?xml version="1.0" encoding="UTF-8"?>
<deployGlobal>
    <deployClassPath>lib/dk.netarkivet.archive.jar</deployClassPath>
    <deployClassPath>lib/dk.netarkivet.viewerproxy.jar</deployClassPath>
    <deployClassPath>lib/dk.netarkivet.monitor.jar</deployClassPath>
    <deployClassPath>lib/dk.netarkivet.wayback.jar</deployClassPath>
    <deployJavaOpt>-Xmx1536m</deployJavaOpt>
    <settings>
        <common>
            <environmentName>TEST</environmentName>
            <applicationInstanceId></applicationInstanceId>
            <remoteFile>
                <class>
                    dk.netarkivet.common.distribute.FTPRemoteFile
                </class>
                <serverPort>21</serverPort>
                <retries>3</retries>
            </remoteFile>
            <jms>
                <class>
                    dk.netarkivet.common.distribute.JMSConnectionSunMQ
                </class>
                <broker>east-adm-001.kb.dk</broker>
                <port>7676</port>
            </jms>
            <jmx>
                <passwordFile>conf/jmxremote.password</passwordFile>
                <timeout>120</timeout>
            </jmx>
            <indexClient>
                <indexRequestTimeout>43200000</indexRequestTimeout> 
            </indexClient>
            <replicas>
                <!-- The names of all bit archive replicas in the
                 environment, e.g., "nameOfBitachiveOne" and "nameOfBitachiveTwo". -->
                <replica>
                    <replicaId>A</replicaId>  
                    <replicaName>ReplicaA</replicaName>  
                    <replicaType>bitarchive</replicaType>
                </replica>
                <replica>
                    <replicaId>B</replicaId>
                    <replicaName>ReplicaB</replicaName>
                    <replicaType>bitarchive</replicaType>
                </replica>
                <replica>
                    <replicaId>C</replicaId>
                    <replicaName>ReplicaC</replicaName>
                    <replicaType>checksum</replicaType>
                </replica>
            </replicas>
            <!-- tempDir corrected from ./tests/commontempdir -->
            <tempDir>tmpdircommon</tempDir> 
        </common>

        <monitor>
            <jmxUsername>monitorRole</jmxUsername>
            <jmxPassword>test</jmxPassword>
        </monitor>
        
        <!-- directory for install -->
        <archive>
            <bitpreservation>
                <baseDir>bitpreservation</baseDir>
                <class>dk.netarkivet.archive.arcrepository.bitpreservation.DatabaseBasedActiveBitPreservation</class>
            </bitpreservation>
            <arcrepository>
                <baseDir>.</baseDir>            
            </arcrepository>
        </archive>
        <!-- viewerproxy.baseDir is set below -->            
        <!-- harvester.harvesting.serverDir is set below -->            
        <harvester>
            <harvesting>
                <deduplication>
                    <enabled>true</enabled>
                </deduplication>
            </harvesting>
        </harvester>
    </settings>

    <thisPhysicalLocation name="EAST">
        <!-- installation directories only used by deploy -->
        <deployInstallDir>/home/test</deployInstallDir>
        <deployMachineUserName>test</deployMachineUserName>
    
        <settings>
            <common>
                <remoteFile>
                    <serverName>east-har-001.kb.dk</serverName>
                    <userName>test</userName>
                    <userPassword>test123</userPassword>
                </remoteFile>
                <mail>
                    <server>post.kb.dk</server>
                </mail>
                <notifications>
                    <class>dk.netarkivet.common.utils.EMailNotifications</class>
                    <!-- T: receiver to be modified by test -->
                    <receiver>example@netarkivet.dk</receiver> 
                    <sender>example@netarkivet.dk</sender>
                </notifications>
                <useReplicaId>A</useReplicaId> 
            </common>
        </settings>

        <deployMachine name="east-adm-001.kb.dk">
            <deployInstallDir>/home/test</deployInstallDir>
            <deployHarvestDatabaseDir>harvestDatabase</deployHarvestDatabaseDir>
            <deployArchiveDatabaseDir>adminDB</deployArchiveDatabaseDir>
            <settings>
                <archive>
                    <admin>
                        <class>dk.netarkivet.archive.arcrepositoryadmin.DatabaseAdmin</class>
                        <database>
                            <class>dk.netarkivet.archive.arcrepositoryadmin.DerbyServerSpecifics</class>
                            <baseUrl>jdbc:derby</baseUrl>
                            <machine>localhost</machine>
                            <port>8119</port>
                            <dir>adminDB</dir>
                        </database>
                    </admin>
                </archive>
                <common>
                    <database>
                        <class>dk.netarkivet.harvester.datamodel.DerbyServerSpecifics</class>
                        <baseUrl>jdbc:derby</baseUrl>
                        <machine>localhost</machine>
                        <port>8118</port>
                        <dir>harvestDatabase/fullhddb</dir>
                    </database>
                </common>
            </settings>
            <applicationName name="dk.netarkivet.common.webinterface.GUIApplication">
                <deployClassPath>lib/dk.netarkivet.harvester.jar</deployClassPath>
                <deployClassPath>lib/dk.netarkivet.archive.jar</deployClassPath>
                <deployClassPath>lib/dk.netarkivet.viewerproxy.jar</deployClassPath>
                <deployClassPath>lib/dk.netarkivet.monitor.jar</deployClassPath>
                <settings>
                    <common>
                        <http>
                            <port>8076</port>
                        </http>
                        <jmx>
                            <port>8110</port> 
                            <rmiPort>8210</rmiPort>
                        </jmx>
                    </common>
                </settings>
            </applicationName>
            <applicationName name="dk.netarkivet.archive.arcrepository.ArcRepositoryApplication">
                <deployClassPath>lib/dk.netarkivet.harvester.jar</deployClassPath>
                <deployClassPath>lib/dk.netarkivet.archive.jar</deployClassPath>
                <deployClassPath>lib/dk.netarkivet.viewerproxy.jar</deployClassPath>
                <deployClassPath>lib/dk.netarkivet.monitor.jar</deployClassPath>
                <settings>
                    <common>
                        <jmx>
                            <port>8111</port> 
                            <rmiPort>8211</rmiPort>
                        </jmx>
                    </common>
                </settings>
            </applicationName>
            <applicationName name="dk.netarkivet.archive.bitarchive.BitarchiveMonitorApplication">
                <settings>
                    <common>
                        <applicationInstanceId>ABM</applicationInstanceId>            
                        <jmx>
                            <port>8112</port>  
                            <rmiPort>8212</rmiPort>
                        </jmx>
                    </common>
                </settings>
            </applicationName>
            <applicationName name="dk.netarkivet.archive.bitarchive.BitarchiveMonitorApplication">
                <settings>
                    <common>
                        <applicationInstanceId>BBM</applicationInstanceId>            
                        <jmx>
                            <port>8113</port>  
                            <rmiPort>8213</rmiPort>
                        </jmx>
                        <useReplicaId>B</useReplicaId>
                    </common>
                </settings>
            </applicationName>
            <applicationName name="dk.netarkivet.harvester.scheduler.HarvestJobManagerApplication">
                <deployClassPath>lib/dk.netarkivet.harvester.jar</deployClassPath>
                <deployClassPath>lib/dk.netarkivet.monitor.jar</deployClassPath>    
                <settings>
                    <common>
                        <jmx>
                            <port>8114</port> 
                            <rmiPort>8214</rmiPort>
                        </jmx>
                    </common>
                </settings>
            </applicationName>
            <applicationName name="dk.netarkivet.harvester.harvesting.monitor.HarvestMonitorApplication">
                <deployClassPath>lib/dk.netarkivet.harvester.jar</deployClassPath>
                <deployClassPath>lib/dk.netarkivet.monitor.jar</deployClassPath>
                <settings>
                    <common>
                        <jmx>
                            <port>8115</port>
                            <rmiPort>8215</rmiPort>
                        </jmx>
                    </common>
                </settings>
            </applicationName> 
        </deployMachine>

        <deployMachine os="windows" name="east-bar-013.bitarkiv.kb.dk">
            <deployMachineUserName>ba-test</deployMachineUserName>
            <deployInstallDir>c:\Users\Ba-Test</deployInstallDir>
            <deployJavaOpt>-Xmx1150m</deployJavaOpt>

            <applicationName name="dk.netarkivet.archive.bitarchive.BitarchiveApplication">
                <settings>
                    <common>
                        <jmx>
                            <port>8110</port>
                            <rmiPort>8210</rmiPort>
                        </jmx>
                    </common>
                    <archive>
                        <!-- T: fileDir to be extended with $TESTX by test -->
                        <bitarchive>
                            <baseFileDir>c:\bitarkiv</baseFileDir>
                        </bitarchive>
                    </archive>
                </settings>
            </applicationName>
        </deployMachine>
        
        <deployMachine os="windows" name="east-bar-014.bitarkiv.kb.dk">
            <deployMachineUserName>ba-test</deployMachineUserName>
            <deployInstallDir>c:\Users\Ba-test</deployInstallDir>
            <deployJavaOpt>-Xmx1150m</deployJavaOpt>

            <applicationName name="dk.netarkivet.archive.bitarchive.BitarchiveApplication">
                <settings>
                    <common>
                        <applicationInstanceId>BitApp_1</applicationInstanceId>
                        <jmx>
                            <port>8110</port>
                            <rmiPort>8210</rmiPort>
                        </jmx>
                        <tempDir>tempDir_1</tempDir> 
                    </common>
                    <archive>
                        <!-- T: fileDir to be extended with $TESTX by test -->
                        <bitarchive>
                            <baseFileDir>d:\bitarkiv_1</baseFileDir>
                        </bitarchive>
                    </archive>
                </settings>
            </applicationName>
            <applicationName name="dk.netarkivet.archive.bitarchive.BitarchiveApplication">
                <settings>
                    <common>
                        <applicationInstanceId>BitApp_2</applicationInstanceId>
                        <jmx>
                            <port>8111</port>
                            <rmiPort>8211</rmiPort>
                        </jmx>
                        <tempDir>tempDir_2</tempDir> 
                    </common>
                    <archive>
                        <!-- T: fileDir to be extended with $TESTX by test -->
                        <bitarchive>
                            <baseFileDir>e:\bitarkiv_2</baseFileDir>
                        </bitarchive>
                    </archive>
                </settings>
            </applicationName>
            <applicationName name="dk.netarkivet.archive.bitarchive.BitarchiveApplication">
                <settings>
                    <common>
                        <applicationInstanceId>BitApp_3</applicationInstanceId>
                        <jmx>
                            <port>8112</port>
                            <rmiPort>8212</rmiPort>
                        </jmx>
                        <tempDir>tempDir_3</tempDir> 
                    </common>
                    <archive>
                        <!-- T: fileDir to be extended with $TESTX by test -->
                        <bitarchive>
                            <baseFileDir>f:\bitarkiv_3</baseFileDir>
                        </bitarchive>
                    </archive>
                </settings>
            </applicationName>

        </deployMachine>
 
        <deployMachine name="east-har-001.kb.dk">
            <deployClassPath>lib/dk.netarkivet.harvester.jar</deployClassPath>
            <deployClassPath>lib/dk.netarkivet.archive.jar</deployClassPath>
            <deployClassPath>lib/dk.netarkivet.viewerproxy.jar</deployClassPath>
            <deployClassPath>lib/dk.netarkivet.monitor.jar</deployClassPath>
            <applicationName name="dk.netarkivet.harvester.harvesting.HarvestControllerApplication">
                <settings>
                    <common>
                        <jmx>
                            <port>8110</port>
                            <rmiPort>8210</rmiPort>
                        </jmx>
                    </common>
                    <harvester>
                        <harvesting>
                            <queuePriority>LOWPRIORITY</queuePriority> <!-- on http port-->
                            <heritrix>
                                <guiPort>8111</guiPort> 
                                <!-- T: jmxPort to be modified by test (was 8091) -->
                                <jmxPort>8211</jmxPort>
                                <jmxUsername>controlRole</jmxUsername>
                                <jmxPassword>R_D</jmxPassword>
                            </heritrix>
                            <serverDir>harvester_low</serverDir>
                        </harvesting>
                    </harvester>
                </settings>
            </applicationName>
        </deployMachine>
         

        <deployMachine name="east-har-002.kb.dk">
            <deployClassPath>lib/dk.netarkivet.harvester.jar</deployClassPath>
            <deployClassPath>lib/dk.netarkivet.archive.jar</deployClassPath>
            <deployClassPath>lib/dk.netarkivet.viewerproxy.jar</deployClassPath>
            <deployClassPath>lib/dk.netarkivet.monitor.jar</deployClassPath>
 
            <applicationName name="dk.netarkivet.harvester.harvesting.HarvestControllerApplication">
                <settings>
                    <common>
                        <applicationInstanceId>low</applicationInstanceId>            
                        <jmx>
                            <port>8110</port>
                            <rmiPort>8210</rmiPort>
                        </jmx>
                    </common>
                    <harvester>
                        <harvesting>
                            <queuePriority>LOWPRIORITY</queuePriority>
                            <heritrix>
                                <guiPort>8111</guiPort> 
                                <!-- T: jmxPort to be modified by test (was 8091) -->
                                <jmxPort>8211</jmxPort>
                                 <jmxUsername>controlRole</jmxUsername>
                                 <jmxPassword>R_D</jmxPassword>
                            </heritrix>
 			    <serverDir>harvester_low</serverDir>
                        </harvesting>
                    </harvester>
                </settings>
            </applicationName>
 
            <applicationName name="dk.netarkivet.harvester.harvesting.HarvestControllerApplication">
                <settings>
                    <common>
                        <applicationInstanceId>high</applicationInstanceId>
                        <jmx>
                            <port>8112</port>
                            <rmiPort>8212</rmiPort>
                        </jmx>
                    </common>
                    <harvester>
                        <harvesting>
                            <queuePriority>HIGHPRIORITY</queuePriority> 
                            <heritrix>
                                <guiPort>8113</guiPort> 
                                <!-- T: jmxPort to be modified by test (was 8093) -->
                                <jmxPort>8213</jmxPort> 
                                 <jmxUsername>controlRole</jmxUsername>
                                 <jmxPassword>R_D</jmxPassword>
                            </heritrix>
 			    <serverDir>harvester_high</serverDir>
                        </harvesting>
                    </harvester>
                </settings>
            </applicationName>
        </deployMachine>

        <deployMachine name="east-acs-001.kb.dk">
            <settings>
                <viewerproxy>
                    <baseDir>viewerproxy</baseDir>
                </viewerproxy>
            </settings>

            <applicationName name="dk.netarkivet.archive.indexserver.IndexServerApplication">
                <settings>
                    <common>
                        <jmx>
                            <port>8111</port>
                            <rmiPort>8211</rmiPort>
                        </jmx>
                    </common>
                </settings>
            </applicationName>
        
            <applicationName name="dk.netarkivet.viewerproxy.ViewerProxyApplication">
                <deployClassPath>lib/dk.netarkivet.viewerproxy.jar</deployClassPath>
                <deployClassPath>lib/dk.netarkivet.archive.jar</deployClassPath>
                <deployClassPath>lib/dk.netarkivet.monitor.jar</deployClassPath>
                <settings>
                    <common>
                        <http>
                            <port>8076</port>
                        </http>
                        <jmx>
                            <port>8110</port>
                            <rmiPort>8210</rmiPort>
                        </jmx>
                    </common>
                </settings>
            </applicationName>

            <applicationName name="dk.netarkivet.archive.checksum.ChecksumFileApplication">
                <settings>
                    <archive>
                        <checksum>
                            <baseDir>CS</baseDir>
                        </checksum>
                    </archive>
                    <common>
                        <jmx>
                            <port>8112</port>
                            <rmiPort>8212</rmiPort>
                        </jmx>
                        <useReplicaId>C</useReplicaId> 
                    </common>
                </settings>
            </applicationName>
        </deployMachine>
    </thisPhysicalLocation>

    <thisPhysicalLocation name="WEST">
        <!-- installation directories only used by deploy -->
        <deployInstallDir>/home/netarkiv</deployInstallDir>
        <deployMachineUserName>netarkiv</deployMachineUserName>

        <settings>
            <common>
                <remoteFile>
                    <serverName>west-har-001.statsbiblioteket.dk</serverName> 
                    <userName>ftptestuser</userName> 
                    <userPassword>ftptestpassword</userPassword>
                </remoteFile>
                <mail>
                    <server>examplefptserver.netarkivet.dk</server> 
                </mail>
                <notifications>
                    <class>dk.netarkivet.common.utils.EMailNotifications</class>
                    <!-- T: receiver to be modified by test -->
                    <receiver>example@netarkivet.dk</receiver>
                    <sender>example@netarkivet.dk</sender>
                </notifications>
                <useReplicaId>B</useReplicaId> 
            </common>
        </settings>

        <deployMachine name="west-har-001.statsbiblioteket.dk">
            <deployClassPath>lib/dk.netarkivet.harvester.jar</deployClassPath>
            <deployClassPath>lib/dk.netarkivet.archive.jar</deployClassPath>
            <deployClassPath>lib/dk.netarkivet.viewerproxy.jar</deployClassPath>
            <deployClassPath>lib/dk.netarkivet.monitor.jar</deployClassPath>

            <applicationName name="dk.netarkivet.harvester.harvesting.HarvestControllerApplication">
                <settings>
                    <common>
                        <jmx>
                            <port>8110</port>
                            <rmiPort>8210</rmiPort>
                        </jmx>
                    </common>
                    <harvester>
                        <harvesting>
                            <queuePriority>HIGHPRIORITY</queuePriority>
                            <heritrix>
                                <guiPort>8111</guiPort> 
                                <!-- T: jmxPort to be modified by test (was 8091) -->
                                <jmxPort>8211</jmxPort>
                                 <jmxUsername>controlRole</jmxUsername>
                                 <jmxPassword>R_D</jmxPassword>
                            </heritrix>
                            <metadata>
                            	<heritrixFilePattern>.*(\.xml|\.txt|\.log|\.out)</heritrixFilePattern>
                            	<reportFilePattern>.*-report.txt</reportFilePattern>
                            	<logFilePattern>.*(\.log|\.out)</logFilePattern>
                            </metadata>
			    <serverDir>harvester_high</serverDir>
                        </harvesting>
                    </harvester>
                </settings>
            </applicationName>
        </deployMachine>

        <deployMachine name="west-bar-001.statsbiblioteket.dk">
            <applicationName name="dk.netarkivet.archive.bitarchive.BitarchiveApplication">
                <settings>
                    <common>
                        <jmx>
                            <port>8110</port>
                            <rmiPort>8210</rmiPort>
                        </jmx>
                    </common>
                    <archive>
                        <!-- T: baseFileDir to be extended with $TESTX by test -->
                        <bitarchive>
                            <baseFileDir>/netarkiv/0001</baseFileDir>
                        </bitarchive>
                        <!-- T: baseFileDir to be extended with $TESTX by test -->
                        <bitarchive>
                            <baseFileDir>/netarkiv/0002</baseFileDir>
                        </bitarchive>
                    </archive>
                </settings>
            </applicationName>
        </deployMachine>
    
        <deployMachine name="west-acs-001.statsbiblioteket.dk">
            <applicationName name="dk.netarkivet.viewerproxy.ViewerProxyApplication">
                <settings>
                    <common>
                        <jmx>
                            <port>8110</port>
                            <rmiPort>8210</rmiPort>
                        </jmx>
                        <http>
                            <port>8076</port>
                        </http>
                    </common>
                    <viewerproxy>
                        <baseDir>viewerproxy</baseDir>
                    </viewerproxy>
                </settings>
            </applicationName>
        </deployMachine>
    </thisPhysicalLocation>
</deployGlobal>
