<?xml version="1.0" encoding="UTF-8"?>
<!-- 
*$Id: deploy_standalone_archive.xml 1647 2010-10-08 11:56:29Z jolf $
* $Revision: 1647 $
* $Author: jolf $
* $Date: 2010-10-08 13:56:29 +0200 (Fri, 08 Oct 2010) $
*
* The Netarchive Suite - Software to harvest and preserve websites
* Copyright 2004-2007 Det Kongelige Bibliotek and Statsbiblioteket, Denmark
*
* This library is free software; you can redistribute it and/or
* modify it under the terms of the GNU Lesser General Public
* License as published by the Free Software Foundation; either
* version 2.1 of the License, or (at your option) any later version.
*
* This library is distributed in the hope that it will be useful,
* but WITHOUT ANY WARRANTY; without even the implied warranty of
* MERCHANTABILITY or FITNESS FOR A PARTICULAR PURPOSE.  See the GNU
* Lesser General Public License for more details.
*
* You should have received a copy of the GNU Lesser General Public
* License along with this library; if not, write to the Free Software
* Foundation, Inc., 51 Franklin Street, Fifth Floor, Boston, MA  02110-1301
* USA
*
-->
<!--
        This file contains an example of a deploy configuration file for the
        one machine scenario. Kind of running 'quickstart' on another machine.
        Uses HTTP as file transport agent. Requires the availability of
        port 7676: JMS broker
        port 8040-8042 for the http filetransport servers serving the HTTPRemoteFile;
        port 8110-8113: JMX ports
        port 8210-8213: RMI ports
        port 8114: admin database

        Does not include a checksum replica w/ a ChecksumFileApplication
        Uses the default ActiveBitPreservation implementation
        (currently dk.netarkivet.archive.arcrepository.bitpreservation.
         FileBasedActiveBitPreservation).
-->



<deployGlobal>
    <deployClassPath>lib/dk.netarkivet.harvester.jar</deployClassPath>
    <deployClassPath>lib/dk.netarkivet.archive.jar</deployClassPath>
    <deployClassPath>lib/dk.netarkivet.viewerproxy.jar</deployClassPath>
    <deployClassPath>lib/dk.netarkivet.monitor.jar</deployClassPath>
    <deployClassPath>lib/dk.netarkivet.wayback.jar</deployClassPath>
    <deployJavaOpt>-Xmx1536m</deployJavaOpt>
    <settings>
        <common>
            <environmentName>USER</environmentName>
            <applicationInstanceId></applicationInstanceId>
            <remoteFile>
                <class>
                    dk.netarkivet.common.distribute.HTTPRemoteFile
                </class>
            </remoteFile>
            <jms>
                <class>
                    dk.netarkivet.common.distribute.JMSConnectionSunMQ
                </class>
                <broker>localhost</broker>
                <port>7676</port>
            </jms>
            <jmx>
                <passwordFile>conf/jmxremote.password</passwordFile>
                <timeout>120</timeout>
            </jmx>

            <indexClient>
                <indexRequestTimeout>43200000</indexRequestTimeout> 
            </indexClient>
            <replicas>
                <replica>
                    <replicaId>A</replicaId>
                    <replicaName>ReplicaA</replicaName>
                    <replicaType>bitarchive</replicaType>
                </replica>
            </replicas>
            <database>
                <url></url>
            </database>
            <tempDir>tmpdircommon</tempDir> 
        </common>
        <monitor>
          <jmxUsername>admin</jmxUsername>
            <jmxPassword>admin</jmxPassword>
        </monitor>
        <archive>
            <bitpreservation>
                <baseDir>bitpreservation</baseDir>
                <class>dk.netarkivet.archive.arcrepository.bitpreservation.DatabaseBasedActiveBitPreservation</class>
            </bitpreservation>
            <arcrepository>
                <baseDir>.</baseDir>
            </arcrepository>
        </archive>
    </settings>

    <thisPhysicalLocation name="NATIONAL_LIBRARY">
      <!-- TODO chaneg to fit your setup. -->
      <deployInstallDir>/home/test</deployInstallDir>
      <deployMachineUserName>test</deployMachineUserName>
    
    <settings>
        <common>
            <remoteFile>
                <!-- TODO change to JMS broker host and username/password. -->
                <serverName>localhost</serverName>
                <userName>admin</userName>
                <userPassword>admin</userPassword>
            </remoteFile>
            <useReplicaId>A</useReplicaId>
            <mail>
                <server>mail.yourdomain.com</server>
            </mail>
            <notifications>
                <class>dk.netarkivet.common.utils.EMailNotifications</class>
                <receiver>example</receiver>
                <sender>example</sender>
            </notifications>
        </common>
        <viewerproxy>
            <baseDir>viewerproxy</baseDir>
        </viewerproxy>
    </settings>

        <deployMachine name="localhost">
            <deployArchiveDatabaseDir>adminDB</deployArchiveDatabaseDir>
            <settings>
                <archive>
                    <admin>
                        <class>dk.netarkivet.archive.arcrepositoryadmin.DatabaseAdmin</class>
                        <database>
                            <class>dk.netarkivet.archive.arcrepositoryadmin.DerbyServerSpecifics</class>
                            <baseUrl>jdbc:derby</baseUrl>
                            <machine>localhost</machine>
                            <port>8114</port>
                            <dir>adminDB</dir>
                        </database>
                    </admin>
                </archive>
            </settings>

            <applicationName name="dk.netarkivet.archive.arcrepository.ArcRepositoryApplication">
                <settings>
                    <common>
                        <jmx>
                            <port>8111</port>
                            <rmiPort>8211</rmiPort>
                        </jmx>
                        <remoteFile>
                            <class>dk.netarkivet.common.distribute.HTTPRemoteFile</class>
                            <port>8040</port>
                        </remoteFile>
                    </common>
                </settings>
            </applicationName>
            <applicationName name="dk.netarkivet.archive.bitarchive.BitarchiveMonitorApplication">
                <settings>
                    <common>
                        <jmx>
                            <port>8112</port>
                            <rmiPort>8212</rmiPort>
                        </jmx>
                        <remoteFile>
                            <class>dk.netarkivet.common.distribute.HTTPRemoteFile</class>
                            <port>8041</port>
                        </remoteFile>
                    </common>
                </settings>
            </applicationName>
            <applicationName name="dk.netarkivet.archive.bitarchive.BitarchiveApplication">
                <settings>
                    <common>
                        <jmx>
                            <port>8113</port>
                            <rmiPort>8213</rmiPort>
                        </jmx>
                        <remoteFile>
                            <class>dk.netarkivet.common.distribute.HTTPRemoteFile</class>
                            <port>8042</port>
                        </remoteFile>
                    </common>
                    <archive>
                        <bitarchive>
                            <!-- TODO: Point this directory at your ARC files. -->
                            <baseFileDir>arcs</baseFileDir>
                        </bitarchive>
                    </archive>
                </settings>
            </applicationName>
        </deployMachine>
    </thisPhysicalLocation>
</deployGlobal>
