<?xml version="1.0" encoding="UTF-8"?>

<!--
File:       $Id: CDXCollection.xml 1338 2010-03-17 15:27:53Z svc $
Revision:   $Revision: 1338 $
Author:     $Author: svc $
Date:       $Date: 2010-03-17 16:27:53 +0100 (Wed, 17 Mar 2010) $

The Netarchive Suite - Software to harvest and preserve websites
Copyright 2004-2010 Det Kongelige Bibliotek and Statsbiblioteket, Denmark

This library is free software; you can redistribute it and/or
modify it under the terms of the GNU Lesser General Public
License as published by the Free Software Foundation; either
version 2.1 of the License, or (at your option) any later version.

This library is distributed in the hope that it will be useful,
but WITHOUT ANY WARRANTY; without even the implied warranty of
MERCHANTABILITY or FITNESS FOR A PARTICULAR PURPOSE.  See the GNU
Lesser General Public License for more details.

You should have received a copy of the GNU Lesser General Public
License along with this library; if not, write to the Free Software
Foundation, Inc., 51 Franklin Street, Fifth Floor, Boston, MA  02110-1301  USA
-->

<beans xmlns="http://www.springframework.org/schema/beans"
       xmlns:xsi="http://www.w3.org/2001/XMLSchema-instance"
       xsi:schemaLocation="http://www.springframework.org/schema/beans
           http://www.springframework.org/schema/beans/spring-beans-2.5.xsd"
       default-init-method="init">

<!--

	This file contains a WaybackCollection implementation using a manually
	created and administered CDX index file(s).
	
	The format of the path-index.txt is
		<NAME><TAB><PATH-OR-URL>

	Be sure to set the environment variable LC_ALL to "C" before sorting CDX
	files and path-index.txt files.

	All paths in this file reference the Spring property placeholder 
	"wayback.basedir" defined in wayback.xml. That value may be changed to
	alter top-level prefixes for these paths, or the values in this file can
	be changed directly for further flexibility.

-->

<bean id="localcdxcollection"
      class="org.archive.wayback.webapp.WaybackCollection">
  <property name="resourceStore">
    <bean class="dk.netarkivet.wayback.NetarchiveResourceStore">
    </bean>     
  </property>
	
	
  <property name="resourceIndex">   
    <bean class="org.archive.wayback.resourceindex.LocalResourceIndex">
      <property name="source">
        <bean class="org.archive.wayback.resourceindex.CompositeSearchResultSource">
		  <property name="CDXSources">
            <list>
                <!-- TODO: Insert your cdx file collection here -->
                <value>/wayback/file.sorted.cdx</value>
            </list>
          </property>
        </bean>
      </property>
	  <property name="maxRecords" value="40000" />
    </bean>
  </property>
</bean>

</beans>
